ProductID,ProductName,Category
1,Product_1,Home
2,Product_2,Toys
3,Product_3,Clothing
4,Product_4,Toys
5,Product_5,Toys
6,Product_6,Groceries
7,Product_7,Clothing
8,Product_8,Clothing
9,Product_9,Clothing
10,Product_10,Toys
11,Product_11,Home
12,Product_12,Clothing
13,Product_13,Toys
14,Product_14,Groceries
15,Product_15,Home
16,Product_16,Groceries
17,Product_17,Home
18,Product_18,Toys
19,Product_19,Electronics
20,Product_20,Home
21,Product_21,Groceries
22,Product_22,Toys
23,Product_23,Home
24,Product_24,Electronics
25,Product_25,Electronics
26,Product_26,Clothing
27,Product_27,Clothing
28,Product_28,Groceries
29,Product_29,Home
30,Product_30,Home
31,Product_31,Clothing
32,Product_32,Home
33,Product_33,Home
34,Product_34,Electronics
35,Product_35,Clothing
36,Product_36,Toys
37,Product_37,Clothing
38,Product_38,Toys
39,Product_39,Electronics
40,Product_40,Groceries
41,Product_41,Home
42,Product_42,Electronics
43,Product_43,Home
44,Product_44,Groceries
45,Product_45,Groceries
46,Product_46,Electronics
47,Product_47,Groceries
48,Product_48,Toys
49,Product_49,Groceries
50,Product_50,Home
51,Product_51,Home
52,Product_52,Home
53,Product_53,Home
54,Product_54,Toys
55,Product_55,Clothing
56,Product_56,Electronics
57,Product_57,Home
58,Product_58,Groceries
59,Product_59,Home
60,Product_60,Groceries
61,Product_61,Groceries
62,Product_62,Home
63,Product_63,Toys
64,Product_64,Groceries
65,Product_65,Groceries
66,Product_66,Home
67,Product_67,Groceries
68,Product_68,Groceries
69,Product_69,Home
70,Product_70,Home
71,Product_71,Electronics
72,Product_72,Toys
73,Product_73,Toys
74,Product_74,Groceries
75,Product_75,Toys
76,Product_76,Groceries
77,Product_77,Electronics
78,Product_78,Home
79,Product_79,Home
80,Product_80,Home
81,Product_81,Toys
82,Product_82,Electronics
83,Product_83,Toys
84,Product_84,Toys
85,Product_85,Electronics
86,Product_86,Electronics
87,Product_87,Electronics
88,Product_88,Electronics
89,Product_89,Home
90,Product_90,Clothing
91,Product_91,Clothing
92,Product_92,Electronics
93,Product_93,Clothing
94,Product_94,Clothing
95,Product_95,Electronics
96,Product_96,Clothing
97,Product_97,Toys
98,Product_98,Groceries
99,Product_99,Groceries
100,Product_100,Electronics
101,Product_101,Home
102,Product_102,Electronics
103,Product_103,Home
104,Product_104,Groceries
105,Product_105,Electronics
106,Product_106,Toys
107,Product_107,Clothing
108,Product_108,Home
109,Product_109,Clothing
110,Product_110,Clothing
111,Product_111,Electronics
112,Product_112,Clothing
113,Product_113,Toys
114,Product_114,Clothing
115,Product_115,Electronics
116,Product_116,Toys
117,Product_117,Groceries
118,Product_118,Clothing
119,Product_119,Electronics
120,Product_120,Groceries
121,Product_121,Groceries
122,Product_122,Home
123,Product_123,Toys
124,Product_124,Clothing
125,Product_125,Electronics
126,Product_126,Home
127,Product_127,Toys
128,Product_128,Home
129,Product_129,Toys
130,Product_130,Toys
131,Product_131,Clothing
132,Product_132,Toys
133,Product_133,Home
134,Product_134,Toys
135,Product_135,Clothing
136,Product_136,Clothing
137,Product_137,Home
138,Product_138,Groceries
139,Product_139,Groceries
140,Product_140,Toys
141,Product_141,Electronics
142,Product_142,Toys
143,Product_143,Home
144,Product_144,Home
145,Product_145,Home
146,Product_146,Home
147,Product_147,Home
148,Product_148,Clothing
149,Product_149,Groceries
150,Product_150,Home
151,Product_151,Electronics
152,Product_152,Electronics
153,Product_153,Electronics
154,Product_154,Electronics
155,Product_155,Clothing
156,Product_156,Electronics
157,Product_157,Home
158,Product_158,Toys
159,Product_159,Electronics
160,Product_160,Clothing
161,Product_161,Clothing
162,Product_162,Electronics
163,Product_163,Toys
164,Product_164,Electronics
165,Product_165,Clothing
166,Product_166,Groceries
167,Product_167,Home
168,Product_168,Clothing
169,Product_169,Electronics
170,Product_170,Home
171,Product_171,Electronics
172,Product_172,Electronics
173,Product_173,Groceries
174,Product_174,Home
175,Product_175,Home
176,Product_176,Groceries
177,Product_177,Clothing
178,Product_178,Electronics
179,Product_179,Toys
180,Product_180,Electronics
181,Product_181,Electronics
182,Product_182,Clothing
183,Product_183,Electronics
184,Product_184,Groceries
185,Product_185,Groceries
186,Product_186,Home
187,Product_187,Toys
188,Product_188,Electronics
189,Product_189,Electronics
190,Product_190,Clothing
191,Product_191,Groceries
192,Product_192,Toys
193,Product_193,Home
194,Product_194,Groceries
195,Product_195,Home
196,Product_196,Clothing
197,Product_197,Clothing
198,Product_198,Electronics
199,Product_199,Toys
200,Product_200,Home
201,Product_201,Groceries
202,Product_202,Clothing
203,Product_203,Electronics
204,Product_204,Electronics
205,Product_205,Home
206,Product_206,Clothing
207,Product_207,Toys
208,Product_208,Clothing
209,Product_209,Home
210,Product_210,Home
211,Product_211,Clothing
212,Product_212,Home
213,Product_213,Clothing
214,Product_214,Groceries
215,Product_215,Clothing
216,Product_216,Clothing
217,Product_217,Home
218,Product_218,Home
219,Product_219,Electronics
220,Product_220,Electronics
221,Product_221,Groceries
222,Product_222,Electronics
223,Product_223,Clothing
224,Product_224,Home
225,Product_225,Electronics
226,Product_226,Electronics
227,Product_227,Groceries
228,Product_228,Groceries
229,Product_229,Clothing
230,Product_230,Home
231,Product_231,Groceries
232,Product_232,Electronics
233,Product_233,Home
234,Product_234,Home
235,Product_235,Electronics
236,Product_236,Groceries
237,Product_237,Electronics
238,Product_238,Home
239,Product_239,Toys
240,Product_240,Toys
241,Product_241,Clothing
242,Product_242,Electronics
243,Product_243,Electronics
244,Product_244,Clothing
245,Product_245,Clothing
246,Product_246,Clothing
247,Product_247,Home
248,Product_248,Electronics
249,Product_249,Home
250,Product_250,Clothing
251,Product_251,Electronics
252,Product_252,Home
253,Product_253,Home
254,Product_254,Clothing
255,Product_255,Electronics
256,Product_256,Clothing
257,Product_257,Electronics
258,Product_258,Toys
259,Product_259,Groceries
260,Product_260,Groceries
261,Product_261,Groceries
262,Product_262,Clothing
263,Product_263,Toys
264,Product_264,Electronics
265,Product_265,Home
266,Product_266,Electronics
267,Product_267,Home
268,Product_268,Electronics
269,Product_269,Toys
270,Product_270,Home
271,Product_271,Clothing
272,Product_272,Electronics
273,Product_273,Electronics
274,Product_274,Home
275,Product_275,Clothing
276,Product_276,Clothing
277,Product_277,Toys
278,Product_278,Clothing
279,Product_279,Clothing
280,Product_280,Clothing
281,Product_281,Groceries
282,Product_282,Toys
283,Product_283,Electronics
284,Product_284,Home
285,Product_285,Electronics
286,Product_286,Toys
287,Product_287,Home
288,Product_288,Toys
289,Product_289,Clothing
290,Product_290,Home
291,Product_291,Clothing
292,Product_292,Electronics
293,Product_293,Electronics
294,Product_294,Home
295,Product_295,Home
296,Product_296,Toys
297,Product_297,Toys
298,Product_298,Clothing
299,Product_299,Home
300,Product_300,Electronics
301,Product_301,Toys
302,Product_302,Toys
303,Product_303,Electronics
304,Product_304,Toys
305,Product_305,Clothing
306,Product_306,Home
307,Product_307,Electronics
308,Product_308,Home
309,Product_309,Toys
310,Product_310,Toys
311,Product_311,Electronics
312,Product_312,Clothing
313,Product_313,Groceries
314,Product_314,Electronics
315,Product_315,Groceries
316,Product_316,Groceries
317,Product_317,Clothing
318,Product_318,Groceries
319,Product_319,Groceries
320,Product_320,Clothing
321,Product_321,Groceries
322,Product_322,Groceries
323,Product_323,Groceries
324,Product_324,Electronics
325,Product_325,Electronics
326,Product_326,Electronics
327,Product_327,Clothing
328,Product_328,Toys
329,Product_329,Groceries
330,Product_330,Groceries
331,Product_331,Clothing
332,Product_332,Groceries
333,Product_333,Electronics
334,Product_334,Toys
335,Product_335,Home
336,Product_336,Groceries
337,Product_337,Electronics
338,Product_338,Home
339,Product_339,Toys
340,Product_340,Home
341,Product_341,Electronics
342,Product_342,Home
343,Product_343,Clothing
344,Product_344,Home
345,Product_345,Groceries
346,Product_346,Groceries
347,Product_347,Clothing
348,Product_348,Electronics
349,Product_349,Groceries
350,Product_350,Toys
351,Product_351,Groceries
352,Product_352,Groceries
353,Product_353,Electronics
354,Product_354,Home
355,Product_355,Groceries
356,Product_356,Clothing
357,Product_357,Home
358,Product_358,Toys
359,Product_359,Electronics
360,Product_360,Toys
361,Product_361,Home
362,Product_362,Home
363,Product_363,Home
364,Product_364,Toys
365,Product_365,Home
366,Product_366,Toys
367,Product_367,Home
368,Product_368,Clothing
369,Product_369,Home
370,Product_370,Toys
371,Product_371,Groceries
372,Product_372,Home
373,Product_373,Groceries
374,Product_374,Clothing
375,Product_375,Electronics
376,Product_376,Clothing
377,Product_377,Home
378,Product_378,Groceries
379,Product_379,Groceries
380,Product_380,Toys
381,Product_381,Groceries
382,Product_382,Toys
383,Product_383,Electronics
384,Product_384,Home
385,Product_385,Toys
386,Product_386,Electronics
387,Product_387,Groceries
388,Product_388,Groceries
389,Product_389,Electronics
390,Product_390,Groceries
391,Product_391,Electronics
392,Product_392,Toys
393,Product_393,Toys
394,Product_394,Electronics
395,Product_395,Toys
396,Product_396,Toys
397,Product_397,Toys
398,Product_398,Clothing
399,Product_399,Home
400,Product_400,Groceries
401,Product_401,Clothing
402,Product_402,Toys
403,Product_403,Electronics
404,Product_404,Toys
405,Product_405,Home
406,Product_406,Toys
407,Product_407,Electronics
408,Product_408,Home
409,Product_409,Toys
410,Product_410,Home
411,Product_411,Groceries
412,Product_412,Groceries
413,Product_413,Toys
414,Product_414,Home
415,Product_415,Electronics
416,Product_416,Toys
417,Product_417,Groceries
418,Product_418,Groceries
419,Product_419,Toys
420,Product_420,Home
421,Product_421,Groceries
422,Product_422,Home
423,Product_423,Groceries
424,Product_424,Groceries
425,Product_425,Clothing
426,Product_426,Groceries
427,Product_427,Electronics
428,Product_428,Toys
429,Product_429,Toys
430,Product_430,Home
431,Product_431,Groceries
432,Product_432,Electronics
433,Product_433,Home
434,Product_434,Clothing
435,Product_435,Home
436,Product_436,Home
437,Product_437,Groceries
438,Product_438,Clothing
439,Product_439,Home
440,Product_440,Electronics
441,Product_441,Electronics
442,Product_442,Toys
443,Product_443,Clothing
444,Product_444,Clothing
445,Product_445,Toys
446,Product_446,Home
447,Product_447,Clothing
448,Product_448,Electronics
449,Product_449,Electronics
450,Product_450,Groceries
451,Product_451,Clothing
452,Product_452,Home
453,Product_453,Toys
454,Product_454,Toys
455,Product_455,Home
456,Product_456,Groceries
457,Product_457,Toys
458,Product_458,Clothing
459,Product_459,Groceries
460,Product_460,Clothing
461,Product_461,Electronics
462,Product_462,Groceries
463,Product_463,Toys
464,Product_464,Groceries
465,Product_465,Groceries
466,Product_466,Groceries
467,Product_467,Groceries
468,Product_468,Clothing
469,Product_469,Electronics
470,Product_470,Home
471,Product_471,Groceries
472,Product_472,Toys
473,Product_473,Groceries
474,Product_474,Toys
475,Product_475,Clothing
476,Product_476,Toys
477,Product_477,Home
478,Product_478,Electronics
479,Product_479,Toys
480,Product_480,Toys
481,Product_481,Electronics
482,Product_482,Home
483,Product_483,Groceries
484,Product_484,Toys
485,Product_485,Electronics
486,Product_486,Clothing
487,Product_487,Electronics
488,Product_488,Clothing
489,Product_489,Home
490,Product_490,Groceries
491,Product_491,Electronics
492,Product_492,Toys
493,Product_493,Home
494,Product_494,Electronics
495,Product_495,Toys
496,Product_496,Electronics
497,Product_497,Clothing
498,Product_498,Electronics
499,Product_499,Electronics
500,Product_500,Electronics
